{
  "Right Option Key Sends" : 0,
  "Tags" : [

  ],
  "Ansi 12 Color" : {
    "Red Component" : 0.33133840560913086,
    "Color Space" : "Calibrated",
    "Blue Component" : 0.75472033023834229,
    "Green Component" : 0.52402210235595703
  },
  "Ansi 0 Color" : {
    "Red Component" : 0.072135128080844879,
    "Color Space" : "Calibrated",
    "Blue Component" : 0.12923833727836609,
    "Green Component" : 0.10887220501899719
  },
  "Ansi 7 Color" : {
    "Red Component" : 1,
    "Color Space" : "Calibrated",
    "Blue Component" : 0.99999129772186279,
    "Green Component" : 0.99997437000274658
  },
  "Bold Color" : {
    "Red Component" : 0.70114254951477051,
    "Color Space" : "Calibrated",
    "Blue Component" : 0.76466912031173706,
    "Green Component" : 0.72239696979522705
  },
  "Ansi 8 Color" : {
    "Red Component" : 0.3234245777130127,
    "Color Space" : "Calibrated",
    "Blue Component" : 0.41846594214439392,
    "Green Component" : 0.37485924363136292
  },
  "Ansi 9 Color" : {
    "Red Component" : 0.89593487977981567,
    "Color Space" : "Calibrated",
    "Blue Component" : 0.33114415407180786,
    "Green Component" : 0.27702754735946655
  },
  "Link Color" : {
    "Red Component" : 0,
    "Color Space" : "sRGB",
    "Blue Component" : 0.73423302173614502,
    "Alpha Component" : 1,
    "Green Component" : 0.35916060209274292
  },
  "Rows" : 25,
  "Default Bookmark" : "No",
  "Ansi 2 Color" : {
    "Red Component" : 0.53603297472000122,
    "Color Space" : "Calibrated",
    "Blue Component" : 0.50905120372772217,
    "Green Component" : 0.74280524253845215
  },
  "Cursor Guide Color" : {
    "Red Component" : 0.70213186740875244,
    "Color Space" : "sRGB",
    "Blue Component" : 1,
    "Alpha Component" : 0.25,
    "Green Component" : 0.9268307089805603
  },
  "Non-ASCII Anti Aliased" : true,
  "Use Bright Bold" : true,
  "Ansi 10 Color" : {
    "Red Component" : 0.53603297472000122,
    "Color Space" : "Calibrated",
    "Blue Component" : 0.50905120372772217,
    "Green Component" : 0.74280524253845215
  },
  "Ambiguous Double Width" : false,
  "Jobs to Ignore" : [
    "rlogin",
    "ssh",
    "slogin",
    "telnet"
  ],
  "Ansi 15 Color" : {
    "Red Component" : 1,
    "Color Space" : "Calibrated",
    "Blue Component" : 0.99999129772186279,
    "Green Component" : 0.99997437000274658
  },
  "Foreground Color" : {
    "Red Component" : 0.70114254951477051,
    "Color Space" : "Calibrated",
    "Blue Component" : 0.76466912031173706,
    "Green Component" : 0.72239696979522705
  },
  "Bound Hosts" : [

  ],
  "Working Directory" : "\/Users\/noelcolon",
  "Blinking Cursor" : false,
  "Disable Window Resizing" : true,
  "Sync Title" : false,
  "Prompt Before Closing 2" : false,
  "BM Growl" : false,
  "Command" : "tmux attach-session -t default || tmux new-session -s default ",
  "Description" : "Default",
  "Load Shell Integration Automatically" : false,
  "Mouse Reporting" : false,
  "Screen" : -1,
  "Selection Color" : {
    "Red Component" : 0.24374458193778992,
    "Color Space" : "Calibrated",
    "Blue Component" : 0.32565724849700928,
    "Green Component" : 0.28464928269386292
  },
  "Only The Default BG Color Uses Transparency" : false,
  "Columns" : 80,
  "Idle Code" : 0,
  "Ansi 13 Color" : {
    "Red Component" : 0.71825045347213745,
    "Color Space" : "Calibrated",
    "Blue Component" : 0.72311609983444214,
    "Green Component" : 0.49488019943237305
  },
  "Custom Command" : "No",
  "ASCII Anti Aliased" : true,
  "Custom Locale" : "en_US.UTF-8",
  "Non Ascii Font" : "MonacoLigaturizedNFM 16",
  "Vertical Spacing" : 1,
  "Use Bold Font" : true,
  "Option Key Sends" : 0,
  "Selected Text Color" : {
    "Red Component" : 0.70114254951477051,
    "Color Space" : "Calibrated",
    "Blue Component" : 0.76466912031173706,
    "Green Component" : 0.72239696979522705
  },
  "Background Color" : {
    "Red Component" : 0.071905560791492462,
    "Color Space" : "Calibrated",
    "Blue Component" : 0.1297074556350708,
    "Green Component" : 0.10740385949611664
  },
  "Character Encoding" : 4,
  "Ansi 11 Color" : {
    "Red Component" : 0.97044718265533447,
    "Color Space" : "Calibrated",
    "Blue Component" : 0.31759658455848694,
    "Green Component" : 0.74274349212646484
  },
  "Non-ASCII Ligatures" : false,
  "Use Italic Font" : true,
  "Unlimited Scrollback" : false,
  "Keyboard Map" : {
    "0x64-0x100000-0x2" : {
      "Version" : 1,
      "Action" : 13,
      "Text" : "",
      "Label" : ""
    },
    "0x77-0x100000-0xd" : {
      "Version" : 1,
      "Action" : 13,
      "Text" : "",
      "Label" : ""
    },
    "0x6e-0x100000-0x2d" : {
      "Version" : 1,
      "Action" : 13,
      "Text" : "",
      "Label" : ""
    },
    "0xd-0x100000-0x24" : {
      "Version" : 1,
      "Action" : 13,
      "Text" : "",
      "Label" : ""
    }
  },
  "Window Type" : 0,
  "Background Image Location" : "",
  "Blur" : false,
  "Badge Color" : {
    "Red Component" : 1,
    "Color Space" : "sRGB",
    "Blue Component" : 0,
    "Alpha Component" : 0.5,
    "Green Component" : 0.1491314172744751
  },
  "Scrollback Lines" : 1000,
  "Send Code When Idle" : false,
  "Close Sessions On End" : true,
  "Terminal Type" : "xterm-256color",
  "Visual Bell" : false,
  "Flashing Bell" : false,
  "Silence Bell" : true,
  "Mouse Reporting allow mouse wheel" : false,
  "Ansi 14 Color" : {
    "Red Component" : 0.3120269775390625,
    "Color Space" : "Calibrated",
    "Blue Component" : 0.64188027381896973,
    "Green Component" : 0.64762973785400391
  },
  "Unicode Version" : 9,
  "Name" : "Ocean",
  "Cursor Text Color" : {
    "Red Component" : 0.072135128080844879,
    "Color Space" : "Calibrated",
    "Blue Component" : 0.12923833727836609,
    "Green Component" : 0.10887220501899719
  },
  "Shortcut" : "",
  "Cursor Color" : {
    "Red Component" : 0.70114254951477051,
    "Color Space" : "Calibrated",
    "Blue Component" : 0.76466912031173706,
    "Green Component" : 0.72239696979522705
  },
  "Transparency" : 0.22753410532994922,
  "Guid" : "60BFE50D-BE9A-4FBC-8B70-6A135AECBCA9",
  "Ansi 1 Color" : {
    "Red Component" : 0.89593487977981567,
    "Color Space" : "Calibrated",
    "Blue Component" : 0.33114415407180786,
    "Green Component" : 0.27702754735946655
  },
  "Ansi 3 Color" : {
    "Red Component" : 0.97044718265533447,
    "Color Space" : "Calibrated",
    "Blue Component" : 0.31759658455848694,
    "Green Component" : 0.74274349212646484
  },
  "Custom Directory" : "No",
  "Set Local Environment Vars" : 2,
  "Ansi 5 Color" : {
    "Red Component" : 0.71825045347213745,
    "Color Space" : "Calibrated",
    "Blue Component" : 0.72311609983444214,
    "Green Component" : 0.49488019943237305
  },
  "Use Non-ASCII Font" : true,
  "Normal Font" : "MonacoNF 12",
  "Ansi 6 Color" : {
    "Red Component" : 0.3120269775390625,
    "Color Space" : "Calibrated",
    "Blue Component" : 0.64188027381896973,
    "Green Component" : 0.64762973785400391
  },
  "Horizontal Spacing" : 1,
  "Ansi 4 Color" : {
    "Red Component" : 0.33133840560913086,
    "Color Space" : "Calibrated",
    "Blue Component" : 0.75472033023834229,
    "Green Component" : 0.52402210235595703
  }
}